id,name,art,prod,year,income
di_jomu,John Musker,6,,,
di_rocl,Ron Clements,6,,,
fig_a113,A113,2,,,
fig_abgabb,Abigail Gabble,2,,,
fig_abu,Abuelita,2,,,
fig_acall,Abigail Callaghan,2,,,
fig_adavis,Andy Davis,2,,,
fig_adele,Adele,2,,,
fig_akela,Akela,2,,,
fig_akrei,Alistair Krei,2,,,
fig_alad,Aladdin,2,,,
fig_alanad,Alan-A-Dale,2,,,
fig_alflin,Alfredo Linguini,2,,,
fig_alice,Alice,2,,,
fig_alisis,Alice's sister,2,,,
fig_almcwhi,Al McWhiggin,2,,,
fig_almira,Almirante,2,,,
fig_alpha,Alpha,2,,,
fig_alsleech,Al Sleech,2,,,
fig_ambassador,Ambassador,2,,,
fig_ambmi,Ambrister Minion,2,,,
fig_amgabb,Amelia Gabble,2,,,
fig_amladtr,Am,2,,,
fig_amoss,Amos Slade,2,,,
fig_anch,Anchor,2,,,
fig_andre,André,2,,,
fig_angelo,Angelo,2,,,
fig_anger,Anger,2,,,
fig_angler,Anglerfish,2,,,
fig_anmcba,Angus MacBadger,2,,,
fig_annacloth,Anna's clothes,4,,,
fig_annadoll,Anna' doll,4,,,
fig_annafroz,Anna,2,,,
fig_annarhors,Anna's rocking horse,4,,,
fig_anteg,Anton Ego,2,,,
fig_antres,Anastasia Tremaine,2,,,
fig_arabi,Aracuan Bird,3,,,
fig_archimedes,Archimedes,2,,,
fig_arendelle,Arendelle,2,,,
fig_ariel,Ariel,2,,,
fig_aristoduch,Duchess (Aristocats),3,,,
fig_arlo,Arlo,2,,,
fig_artmonuni,Art,2,,,
fig_artpe,Arthur Pendragon,2,,,
fig_ashspi,Ashley Spinelli,2,,,
fig_atta,Princess Atta,2,,,
fig_audwoo,J. Audubon Woodlore,2,,,
fig_august,Auguste Gusteau,2,,,
fig_auntena,Aunt Ena,2,,,
fig_auntsarah,Aunt Sarah,2,,,
fig_aurora,Aurora,2,,,
fig_avalanche,Avalanche,2,,,
fig_babyherman,Baby Herman,2,,,
fig_bagheera,Bagheera,2,,,
fig_bailey,Bailey,2,,,
fig_baloo,Baloo,2,,,
fig_bambi,Bambi,2,,,
fig_bammo,Bambi's Mother,2,,,
fig_bamx,Baymax,2,,,
fig_barbie,Barbie,2,,,
fig_barryang,Barry Anger,2,,,
fig_bashful,Bashful,2,,,
fig_bbunny,Bugs Bunny,2,,,
fig_bcutlass,Bob Cutlass,2,,,
fig_beast,Beast,2,,,
fig_beaver,Beaver,2,,,
fig_becdet,Becky Detweiler,2,,,
fig_beebe,Beebe Bluff,2,,,
fig_bellcom,Bellwether's coffee mug,4,,,
fig_belle,Belle,2,,,
fig_benali,Ben Ali Gator,3,,,
fig_bencab,Benny the Cab,2,,,
fig_bentbea,Bentina Beakley,2,,,
fig_berlioz,Berlioz,2,,,
fig_bernado,Bernado,2,,,
fig_bernard,Bernard,2,,,
fig_bernkro,Bernie Kropp,2,,,
fig_berto,Tío Berto,2,,,
fig_beta,Beta,2,,,
fig_bettyboo,Betty Boop,2,,,
fig_bibawo,Big Bad Wolf,2,,,
fig_bibo,Bing Bong,2,,,
fig_bigb,Big Baby,2,,,
fig_bigfoot,Bigfoot,2,,,
fig_bigh6mov,Big Hero 6,1,,,
fig_bigmam,Big Mama,3,,,
fig_bigred,Big Red,2,,,
fig_billiz,Bill the Lizard,2,,,
fig_billyrussian,Billy Boss the Russian Cat,2,,,
fig_binanest,Bird in a nest,2,,,
fig_binatree,Bird in a tree,2,,,
fig_blackcaul,Eilonwy,2,,,
fig_blackout,Blackout,2,,,
fig_blarang,Blade Ranger,2,,,
fig_blfair,The Blue Fairy,2,,,
fig_blo,Bloat,2,,,
fig_bluffag,Bluff Agent,2,,,
fig_bobble,Bobble,2,,,
fig_bobparr,Bob Parr,2,,,
fig_bobswift,Bobby Swift,2,,,
fig_bodad,Bonnies' Dad,2,,,
fig_bolt,Bolt,2,,,
fig_bombvoy,Bomb Voyage,2,,,
fig_bomom,Bonnie's Mom,2,,,
fig_bongo,Bongo,3,,,
fig_bonito,Bonito,2,,,
fig_bonnie,Bonnie,2,,,
fig_boo,"Mary ""Boo"" Gibbs",2,,,
fig_boomer,Boomer,2,,,
fig_bopeep,Bo Peep,2,,,
fig_boris,Boris,2,,,
fig_boysq,A boy Squirrel,2,,,
fig_bravopl,Bravo,2,,,
fig_briyard,Brick Yardley,2,,,
fig_brombon,Brom Bones,3,,,
fig_bropea,Brock Pearson,2,,,
fig_bruce,Bruce,2,,,
fig_bruno,Bruno,2,,,
fig_brutus,Brutus,2,,,
fig_bub,Bubbles,2,,,
fig_buck,Buck,2,,,
fig_bulldog,Bulldog,2,,,
fig_bulleye,Bullseye,2,,,
fig_bulltr,Bull,2,,,
fig_bully,Bully,2,,,
fig_bunny,Bunny,2,,,
fig_busdriv,Bus driver,2,,,
fig_but,Butch,2,,,
fig_buzzlight,Buzz Lightyear,2,,,
fig_cabbie,Cabbie,2,,,
fig_cadspin,Cad Spinner,2,,,
fig_candy,Candy,2,,,
fig_captain,Captain,2,,,
fig_cardpaint,Card Painters,2,,,
fig_carlshouse,Carl's house,4,,,
fig_carmoli,Carmen Molina,3,,,
fig_carrie,Carrie Williams,2,,,
fig_casey,Casey Junior,2,,,
fig_caterpillar,Caterpillar,2,,,
fig_cbrbobo,Cobra Bobo,2,,,
fig_celmae,Celia Mae,2,,,
fig_cgirlem,Cool Girl's emotions,2,,,
fig_chad,Chad,2,,,
fig_chalk,Chalky,2,,,
fig_charl,Charles F. Muntz,2,,,
fig_charliedory,Charlie,2,,,
fig_charlmc,Charlie McCarthy,3,,,
fig_chase,Chase,2,,,
fig_checat,Cheshire Cat,2,,,
fig_chefskin,Chef Skinner,2,,,
fig_cherna,Chernabog,3,,,
fig_chetalex,Chet Alexander,2,,,
fig_chewy,Chewbacca,2,,,
fig_chfish,Chickenfish,2,,,
fig_chhicks,Chick Hicks,2,,,
fig_chich,Chicharrón,2,,,
fig_chiefhound,Chief,2,,,
fig_chip,Chip,2,,,
fig_chrisrobin,Christopher Robin,2,,,
fig_chug,Chug,2,,,
fig_cincastle,Cinderella's Castle,2,,,
fig_cind,Cinderella,2,,,
fig_cinddoor,Doorman,2,,,
fig_clairewheeler,Claire Wheeler,2,,,
fig_clank,Clank,2,,,
fig_clowndumb,Clown,2,,,
fig_colcow,Colin Cowling,2,,,
fig_coldalm,Colonel,2,,,
fig_colhath,Colonel Hathi,2,,,
fig_collie,Collie,2,,,
fig_colscn,Circle of Life Scene,2,,,
fig_conniedo,Connie,2,,,
fig_copper,Copper,2,,,
fig_coral,Coral,2,,,
fig_correct,Corrections Officer,2,,,
fig_cptcroco,Captain Crocodile,2,,,
fig_cptgantu,Captain Gantu,2,,,
fig_crab,Crab,2,,,
fig_creeper,Creeper,2,,,
fig_crocodiles,Crocodiles,3,,,
fig_cruella,Cruella De Vil,2,,,
fig_crush,Crush,2,,,
fig_cruz,Cruz Ramirez,2,,,
fig_cubby,Cubby,2,,,
fig_cvbark,Carnival Barker,2,,,
fig_cybug,Cy-Bug,2,,,
fig_cyril,Cyril Proudbottom,2,,,
fig_dachsie,Dachsie,2,,,
fig_daffy,Daffy Duck,2,,,
fig_daisyduck,Daisy Duck,2,,,
fig_dallben,Dallben,3,,,
fig_dalmduch,Duchess,2,,,
fig_danny,Danny,2,,,
fig_dante,Dante,2,,,
fig_darla,Darla,2,,,
fig_darling,Darling,2,,,
fig_dashiell,"Dashiell ""Dash"" Parr",2,,,
fig_dcaboom,Duke Caboom,2,,,
fig_dcartr,Darrell Cartrip,2,,,
fig_deacon,Deacon owl,2,,,
fig_deadeye,Deadeye,2,,,
fig_deanabi,Dean Abigail Hardscrabble,2,,,
fig_debdory,Deb,2,,,
fig_dennispet,Dennis,2,,,
fig_dent,The Dentist,2,,,
fig_depagent,Departure Agent,2,,,
fig_destiny,Destiny,2,,,
fig_detective1,Detective No.1,2,,,
fig_detective2,Detective No. 2,2,,,
fig_deweyvan,Dewey Vanderquack,2,,,
fig_deweywing,Dewey,2,,,
fig_diablo,Diablo,2,,,
fig_diesel,Diesel,2,,,
fig_digger,Digger,2,,,
fig_dijon,Dijon,2,,,
fig_dim,Dim,2,,,
fig_dirtdaw,Dirty Dawson,2,,,
fig_dis,Disgust,2,,,
fig_dja,Django,2,,,
fig_dkawena,Dawid Kawena,2,,,
fig_dni,Dniky,2,,,
fig_dochud,Doc Hudson,2,,,
fig_docsw,Doc,2,,,
fig_dogwagon,Dog wagon,3,,,
fig_doli,Doli,2,,,
fig_dolores,Dolores,2,,,
fig_donald,Donald Duck,2,,,
fig_doncarlton,Don Carlton,2,,,
fig_donhid,Don Hidalgo,2,,,
fig_dopey,Dopey,2,,,
fig_doraluz,Dora Luz,3,,,
fig_dormouse,Dormouse,2,,,
fig_dory,Dory,2,,,
fig_dot,Dot,2,,,
fig_dottie,Dottie,2,,,
fig_doug,Doug Funnie,2,,,
fig_down,Downpour,2,,,
fig_drbene,Dr. Benedict,2,,,
fig_drfali,Dr. Facilier,2,,,
fig_drflo,Dr. Flora,2,,,
fig_drip,Drip,2,,,
fig_drivan,Dr. Ivan Krank,2,,,
fig_drizella,Drizella Tremaine,2,,,
fig_droopy,Droopy,2,,,
fig_duckduck,Duck and ducklings,2,,,
fig_duckworth,Duckworth,2,,,
fig_ducky,Ducky,2,,,
fig_dug,Dug,2,,,
fig_dukecind,The Grand Duke,2,,,
fig_dumbo,Dumbo,2,,,
fig_dumm,The Dummies,2,,,
fig_duseze,Dusty Rust-eze,2,,,
fig_dustycrop,Dusty Crophopper,2,,,
fig_dynamite,Dynamite,2,,,
fig_earl,Earl,2,,,
fig_echo,Echo,2,,,
fig_eddie,Eddie Valiant,2,,,
fig_edgbalth,Edgar Balthazar,2,,,
fig_edgberg,Edgar Bergen,2,,,
fig_edith,Edith,2,,,
fig_edna,Edna Mode,2,,,
fig_edward,Edward,2,,,
fig_eeyore,Eeyore,2,,,
fig_elastig,Elastigirl,2,,,
fig_elchupaca,El Chupacabra,2,,,
fig_elecatty,Elephant Catty,2,,,
fig_elederlyoff,Elderly Officer,2,,,
fig_elegiddy,Elephant Giddy,2,,,
fig_elematri,Elephant Matriarch,2,,,
fig_eleprissy,Elephant Prissy,2,,,
fig_elliemae,Ellie Mae,2,,,
fig_elmo,Elmo,2,,,
fig_elsacl,Elsa's clothes,4,,,
fig_elsafr,Elsa,2,,,
fig_emcee,Emcee,2,,,
fig_emi,Emile,2,,,
fig_emmet,Emmet,2,,,
fig_erndc,Ernesto de la Cruz,2,,,
fig_ester,Ester,2,,,
fig_eve,Eve,2,,,
fig_evelynde,Evelyn Deavor,2,,,
fig_evilqn,Evil Queen as Witch,2,,,
fig_evinrude,Evinrude,2,,,
fig_fairfolk,Fairfolk,2,,,
fig_fairygary,Fairy Gary,2,,,
fig_fairygod,Fairy Godmother,2,,,
fig_fairymary,Fairy Mary,2,,,
fig_faline,Faline,2,,,
fig_fathpeg,Father Pegasus,2,,,
fig_fathsex,Father Sexton,2,,,
fig_fauna,Fauna,2,,,
fig_fawn,Fawn,2,,,
fig_fear,Fear,2,,,
fig_felipe,Tío Felipe,2,,,
fig_fenwick,Fenwick,2,,,
fig_fflewd,Fflewddur Fflam,2,,,
fig_fifj,Fix-It Felix Jr.,2,,,
fig_figaro,Figaro the cat,2,,,
fig_fillm,Fillmore,2,,,
fig_finn,Finn McMissile,2,,,
fig_fipin,The fishes watching Pinocchio,2,,,
fig_fivebear,Five Bear Rugs,2,,,
fig_flap,Flap,2,,,
fig_flash,Flash's coffe mug,4,,,
fig_flightatt,Flight attendant,2,,,
fig_flik,Flik,2,,,
fig_flo,Flo,2,,,
fig_flora,Flora,2,,,
fig_flounder,Flounder,2,,,
fig_flower,Flower,2,,,
fig_fluke,Fluke,2,,,
fig_flunkey,Flunkey,2,,,
fig_flyn,Flynn Rider,2,,,
fig_fmcc,"""Frightening"" Frank McCay",2,,,
fig_forgbob,Forgetter Bobby,2,,,
fig_forgpau,Forgetter Paula,2,,,
fig_forky,Forky,2,,,
fig_forwood,Forrest Woodbush,2,,,
fig_fowl,Friend Owl,2,,,
fig_fran,Francis,2,,,
fig_frankcars,Frank (Cars),2,,,
fig_frankgr,Frank Graham,2,,,
fig_frankrd,Frank,2,,,
fig_frankth,Frank Thomas,2,,,
fig_franz,Franz,2,,,
fig_fratbro,Fraternity Brother,2,,,
fig_fredbh6,Fred,2,,,
fig_fredup,Carl Fredricksen,2,,,
fig_fremm,French Milkman,3,,,
fig_friartuck,Friar Tuck,2,,,
fig_frika,Frida Kahlo,2,,,
fig_fritz,Fritz,2,,,
fig_frou,Frou Frou the Horse,2,,,
fig_froz2mov,Frozen 2 cover,1,,,
fig_frozone,Frozone,2,,,
fig_fury,Fury,2,,,
fig_gabgab,Gabby Gabby,2,,,
fig_gamma,Gamma,2,,,
fig_genie,Genie,2,,,
fig_george,George Sanderson,2,,,
fig_georgedarl,George Darling,2,,,
fig_georgelaw,Georges Hautcourt the Lawyer,2,,,
fig_georgeup,George,2,,,
fig_gepetto,Gepetto,2,,,
fig_gerald,Gerald,2,,,
fig_ggto,Go Go Tomago,2,,,
fig_giddy,"""Giddy"" Gideon the Cat",2,,,
fig_giganticmov,Gigantic cover,1,,,
fig_gigmcdimp,Giggle McDimples,2,,,
fig_gilbert,Gilbert Huph,2,,,
fig_gill,Gill,2,,,
fig_git,Git,2,,,
fig_glamp,Genie's Lamp,2,,,
fig_gliss,Gliss,2,,,
fig_goldenhp,Golden Harp,4,,,
fig_goofy,Goofy,2,,,
fig_gopher,Gopher,2,,,
fig_gord,Gordon,2,,,
fig_gramps,Gramps,2,,,
fig_gransq,Granny Squirrel,2,,,
fig_grduke,Grand Duke,2,,,
fig_greasy,Greasy,2,,,
fig_gretchen,Gretchen Grundler,2,,,
fig_grprince,Great Prince of the Forest,2,,,
fig_grumpy,Grumpy,2,,,
fig_gufrank,Guard Frank,2,,,
fig_guido,Guido,2,,,
fig_gurg,Gurgle,2,,,
fig_gurgii,Gurgii,2,,,
fig_guscind,Gus,2,,,
fig_gust,Gustavo,2,,,
fig_guste,Gusteau's,4,,,
fig_guygr,Guy Graham,2,,,
fig_gyp,Gypsy,2,,,
fig_hamilt,Hamilton,2,,,
fig_hamm,Hamm,2,,,
fig_hank,Hank,2,,,
fig_hans,Hans,2,,,
fig_happy,Happy,2,,,
fig_harm,Harmony,2,,,
fig_harvcars,Harv,2,,,
fig_harvey,Harvey,2,,,
fig_hathi,Hathi,2,,,
fig_hdty,Hero's Duty,2,,,
fig_hec,Héctor,2,,,
fig_heihei,Heihei,2,,,
fig_heiml,Heimlich,2,,,
fig_helect,He-Lectrix,2,,,
fig_henwat,Henry J. Waternoose III,2,,,
fig_henwen,Hen Wen,2,,,
fig_hermel,Herman Melville,2,,,
fig_hiroham,Hiro Hamada,2,,,
fig_hitcat,Hit Cat the English Cat,2,,,
fig_holly,Holly Shiftwell,2,,,
fig_honey,Honey,2,,,
fig_honlem,Honey Lemon,2,,,
fig_hooccar,Hook,2,,,
fig_hook,Captain Hook,2,,,
fig_hop,Hopper,2,,,
fig_horace,Horace,2,,,
fig_hornking,Horned King,2,,,
fig_horsemax,Horse Maximus,2,,,
fig_horst,Horst,2,,,
fig_hortruck,Horace's truck,4,,,
fig_houndbarks,Hound barks,4,,,
fig_hphillips,Hannah Phillips,2,,,
fig_humtbe,Humphrey the Bear,3,,,
fig_huntedogs,Hunter Dogs,2,,,
fig_huteach,Hula Lehrer,2,,,
fig_huvand,Huey Vanderquack,2,,,
fig_hyena,Hyena,2,,,
fig_hyhippo,Hyacinth Hippo,2,,,
fig_ianwaz,Ian Wazselewski,2,,,
fig_ichabod,Ichabod Crane,2,,,
fig_ifpram,Infant Pram,2,,,
fig_imelda,Mamá Imelda,2,,,
fig_indianch,Indian Chief,2,,,
fig_inspcraven,Inspector Craven,2,,,
fig_iridessa,Iridessa,2,,,
fig_ishani,Ishani,2,,,
fig_jacksortm,Jackson Storm,2,,,
fig_jacques,Jacques,2,,,
fig_jafar,Jafar,2,,,
fig_jake,Cop Jake,2,,,
fig_jamesfairy,James,2,,,
fig_janenever,Jane,2,,,
fig_jang,Jangles the Clown,2,,,
fig_japarr,Jack Jack Parr,2,,,
fig_jaqcind,Jaq,2,,,
fig_jasper,Jasper,2,,,
fig_jeff,Jeff Fungus,2,,,
fig_jennydory,Jenny,2,,,
fig_jerry,Jerry Slugworth,2,,,
fig_jessie,Jessie the Yodeling Cowgirl,3,,,
fig_jimcrick,Jiminy Cricket,2,,,
fig_jimcro,Jim Crow,2,,,
fig_jimdea,Jim Dear,2,,,
fig_jimsfr,Jim's Friend,2,,,
fig_jmusker,John Musker,2,,,
fig_jock,Jock,2,,,
fig_johndarl,John Darling,2,,,
fig_johnworth,"""Honest"" John Worthington Foulfellow",2,,,
fig_jookiba,Dr. Jamba Jookiba,2,,,
fig_josecari,José Carioca,2,,,
fig_joy,Joy,2,,,
fig_jskellington,Jack Skellington,2,,,
fig_juan,Juan Ortodoncia,2,,,
fig_judgdav,Judge Davis,2,,,
fig_judgedoom,Judge Doom,2,,,
fig_judgefun,Judy Funnie,2,,,
fig_judgehopps,Judy Hopps,2,,,
fig_julio,Papá Julio,2,,,
fig_juniorcar,"Junior ""Midnight"" Moon",2,,,
fig_juniorjb,Junior,2,,,
fig_kaa,Kaa,2,,,
fig_kagn,King Agnarr,2,,,
fig_kanga,Kanga,2,,,
fig_karen,Karen,2,,,
fig_kari,Kari,2,,,
fig_kbeverly,Karen Beverly,2,,,
fig_keid,King Eidilleg,2,,,
fig_ken,Ken,2,,,
fig_kermit,Kermit the Frog,2,,,
fig_kevup,Kevin,2,,,
fig_kferg,King Fergus,2,,,
fig_khearts,King of Hearts,2,,,
fig_khubert,King Hubert,2,,,
fig_kingcind,King,2,,,
fig_klouie,King Louie,2,,,
fig_krich,King Richard,2,,,
fig_krush,Krushauer,2,,,
fig_kstefan,King Stefan,2,,,
fig_ktrit,King Triton,2,,,
fig_labrador,Labrador,2,,,
fig_ladyklu,Lady Kluck,2,,,
fig_ladytr,Lady,2,,,
fig_ladytrm,Lady Tremaine,2,,,
fig_lafayette,Lafayette the Basset Hound,2,,,
fig_lalo,Lalo,2,,,
fig_larou,Larousse,2,,,
fig_larry,Larry,2,,,
fig_lazardo,Lazardo V,2,,,
fig_lbdoll,Little Brother Doll,3,,,
fig_lcatcaf,Lucky Cat Cafe,2,,,
fig_leadbot,Leadbottom,2,,,
fig_leeblair,Lee Blair,2,,,
fig_lenahy,Lena Hyena,2,,,
fig_leonard,Leonard Helperman,2,,,
fig_lester,Lester the Possum,2,,,
fig_lib,Libby,2,,,
fig_lildipper,Lil' Dipper,2,,,
fig_liljohn,Little John,2,,,
fig_lilkim,Little King,2,,,
fig_lilo,Lilo,2,,,
fig_lincoln,Lincoln,2,,,
fig_lisa,Lisa,2,,,
fig_lizz,Lizzie,2,,,
fig_lmcqueen,Lightning McQueen,2,,,
fig_lmpwck,Lampwick,2,,,
fig_loguf,Lord McGuffin,2,,,
fig_lohbear,Lots-O'-Huggin' Bear,2,,,
fig_lomac,Lord Macintosh,2,,,
fig_lomilori,Lord Milori,2,,,
fig_lon,Lon,2,,,
fig_lording,Lord Dingwall,2,,,
fig_lottie,Charlotte (Lottie) La Bouff,2,,,
fig_louis,Louis,2,,,
fig_louise,"Louise ""Barnstormer"" Nash",2,,,
fig_ltsantino,Lt. Santino,2,,,
fig_luana,Luana Patten,2,,,
fig_lucifer,Lucifer,2,,,
fig_luckydog,Lucky (Dog),2,,,
fig_luckyvult,Lucky,2,,,
fig_lucy,Lucy,2,,,
fig_luigi,Luigi,2,,,
fig_luke,Luke,2,,,
fig_lumpy,Lumpy,2,,,
fig_lurl,Lurleane,2,,,
fig_luxball,Ball from Luxo,4,,,
fig_lynda,Lynda Weathers,2,,,
fig_mack,Mack,2,,,
fig_maddy,Maddy McGear,2,,,
fig_madhat,Mad Hatter,2,,,
fig_maidmar,Maid Marian,2,,,
fig_maleficient,Maleficent,2,,,
fig_malgoon,Maleficent's Goons,2,,,
fig_mamacoco,Mamá Coco,2,,,
fig_mamahef,Mama Heffalump,2,,,
fig_mamahook,Mama Hook,2,,,
fig_manny,Manny,2,,,
fig_march,March Hare,2,,,
fig_marg,Margaret,2,,,
fig_marie,Marie,2,,,
fig_marlin,Marlin,2,,,
fig_marsh,Marshmallow,2,,,
fig_mart,Martin,2,,,
fig_maru,Maru,2,,,
fig_marvcom,Marvel Comics,4,,,
fig_marvinac,Marvin Acme,2,,,
fig_maryblair,Mary Blair,2,,,
fig_marydarl,Mary Darling,2,,,
fig_maryhelp,Mary Helperman,2,,,
fig_mater,Mater,2,,,
fig_maud,Maudie,2,,,
fig_maxgoof,Max Goof,2,,,
fig_maximus,Maximus,2,,,
fig_mayday,Mayday,2,,,
fig_mayorinc,Mayor,2,,,
fig_mayortippi,Mayor Tippi Dink,2,,,
fig_mccrea,Captain B. McCrea,2,,,
fig_mdavis,Molly Davis,2,,,
fig_medmonds,Myrtle Edmonds,2,,,
fig_megpap,Meg,3,,,
fig_melody,Melody,2,,,
fig_mena,Mena,2,,,
fig_merida,Merida,2,,,
fig_merlin,Merlin,2,,,
fig_mermaids,Mermaids,2,,,
fig_merrywe,Merryweather,2,,,
fig_messua,Messua,2,,,
fig_mexhldog,Mexican Hairless Dog,3,,,
fig_mfhook,Maui's fish hook,2,,,
fig_mia,Mia,2,,,
fig_michda,Michael Darling,2,,,
fig_mickey,Mickey Mouse,2,,,
fig_miguel,Miguel,2,,,
fig_mike,"Michael ""Mike"" Wazowski",2,,,
fig_mikeblu,Mikey Blumberg,2,,,
fig_minnie,Minnie Mouse,2,,,
fig_minnycar,Minny,3,,,
fig_mirage,Mirage,2,,,
fig_mmeade,Madame Adelaide Bonfamille,3,,,
fig_mmemed,Madame Medusa,2,,,
fig_mmemim,Madame Mim,2,,,
fig_moana,Moana,2,,,
fig_moanamov,Moana cover,1,,,
fig_mochi,Mochi,3,,,
fig_modie,Mama Odie,2,,,
fig_moley,Moley,2,,,
fig_molt,Molt,2,,,
fig_momida,Momma Ida,2,,,
fig_moosleech,Moo Sleech,2,,,
fig_morgan,Morgan,2,,,
fig_mortimer,Mortimer Snerd,3,,,
fig_mosad,Mother's Sadness,2,,,
fig_motherlilsis,Mother Little Sister,2,,,
fig_mothpega,Mother Pegasus,2,,,
fig_mothrabbit,Mother Rabbit,2,,,
fig_motunui,Motunui,2,,,
fig_mrbiglimo,Mr. Big's Limoservice,4,,,
fig_mrbluff,Mr. Bluff,2,,,
fig_mrchair,Mr. Chairman,2,,,
fig_mrchimney,Mr. Chiminy,2,,,
fig_mrdigger,Mr. Digger,3,,,
fig_mrdink,Mr. Dink,2,,,
fig_mrfunnie,Mr. Funnie,2,,,
fig_mrjolly,Mr. Jolly,2,,,
fig_mrmole,Mr. Mole,3,,,
fig_mrnarrator,Mr. Narrator,2,,,
fig_mrpohead,Mr. Potato Head,2,,,
fig_mrray,Mr. Ray,2,,,
fig_mrsboogin,Mrs. Boogin,2,,,
fig_mrsdavis,Mrs. Davis,2,,,
fig_mrsfeath,Mrs. Featherby,2,,,
fig_mrsfinster,Ms. Finster,2,,,
fig_mrsflint,Ms. Flint,2,,,
fig_mrsfunny,Mrs. Funnie,2,,,
fig_mrsgraves,Ms. Karen Graves,2,,,
fig_mrshas,Mrs. Hasagawa,2,,,
fig_mrshog,Mrs. Hogenson,2,,,
fig_mrsmee,Mr. Smee,2,,,
fig_mrsnoops,Mr. Snoops,2,,,
fig_mrsoil,Mr. Soil,2,,,
fig_mrspohead,Mrs. Potato Head,2,,,
fig_mrspossum,Mrs. Possum,2,,,
fig_mrspotts,Mrs. Potts,2,,,
fig_mrsrabbit,Mrs. Rabbit,2,,,
fig_mrstork,Mr. Stork,2,,,
fig_msbianca,Miss Bianca,2,,,
fig_msbird,Miss Birdwell,2,,,
fig_msfritter,Miss Fritter,2,,,
fig_msmaps,Miss Maples,2,,,
fig_mtwhale,Monstro the Whale,2,,,
fig_mulan,Mulan,2,,,
fig_mulanmov,Mulan poster,1,,,
fig_must,Mustafa,2,,,
fig_muwok,Mulan Wok Restaurant,4,,,
fig_nana,Nana II,2,,,
fig_nani,Nani,2,,,
fig_nannydalm,Nanny,2,,,
fig_napoleon,Napoleon the Bloodhound,2,,,
fig_nash,Nash,2,,,
fig_natalie,Natalie Certain,2,,,
fig_neddoug,Ned,2,,,
fig_nedzed,Ned and Zed,2,,,
fig_need,Needleman,2,,,
fig_nemo,Nemo,2,,,
fig_nero,Nero,2,,,
fig_nestor,Nestor Amarale,2,,,
fig_nibs,Nibs,2,,,
fig_nigel,Nigel,2,,,
fig_nloopin,Nick Loopin' Lopez,2,,,
fig_normfer,Norman Ferguson,2,,,
fig_nutsy,Nutsy,3,,,
fig_nwilde,Nick Wilde,2,,,
fig_nyx,Nyx,2,,,
fig_octopus,Octopus,2,,,
fig_olaf,Olaf,2,,,
fig_oljammer,Ol' Jammer,2,,,
fig_oppenh,Oppenheimer,2,,,
fig_orddu,Orddu,3,,,
fig_orgoch,Orgoch,3,,,
fig_orville,Orville,2,,,
fig_orwen,Orwen,3,,,
fig_oscar,Tío Oscar,2,,,
fig_otlr,Oswald the Lucky Rabbit,2,,,
fig_otto,Otto,2,,,
fig_owl,Owl,2,,,
fig_padua,Padua Hills Player,3,,,
fig_panchito,Panchito Pistoles,2,,,
fig_papa,Papá (Coco),2,,,
fig_pascal,Pascal,2,,,
fig_passecarl,Passenger Carl,2,,,
fig_patchdalm,Patch (Dog),2,,,
fig_patchplane,Patch,2,,,
fig_patdodo,Pat the Dodo,2,,,
fig_patti,Patti Mayonnaise,2,,,
fig_peach,Peach,2,,,
fig_pearl,Pearl,3,,,
fig_pedro,Pedro,2,,,
fig_peglad,Peg,2,,,
fig_penguin,Penguin Waiters,3,,,
fig_pennydal,Penny (Dog),2,,,
fig_pennyresc,Penny,2,,,
fig_peppo,Peppo the Italian Cat,2,,,
fig_percival,Percival Faunswater,2,,,
fig_perdita,Perdita,2,,,
fig_periwi,Periwinkle,2,,,
fig_perv,Pervis,2,,,
fig_petegoof,Pete,2,,,
fig_petegrand,Peter's grandfather,3,,,
fig_peterpan,Peter Pan,2,,,
fig_pheas,Pheasant,2,,,
fig_pigeons,The Pigeons,2,,,
fig_piglet,Piglet,2,,,
fig_pincoach,Coachman,2,,,
fig_pinecone,Pinecone,2,,,
fig_pinocchio,Pinocchio,2,,,
fig_piratecrew,Pirate Crew,2,,,
fig_piring,Pleasure Island Ringleader,2,,,
fig_pjgoof,P.J.,2,,,
fig_plane,Plane Toy,3,,,
fig_plaza,Plaza Mariachi,2,,,
fig_plikli,Agent Pliiklii,2,,,
fig_poca,Pocahontas,2,,,
fig_pochop,Porkchop,2,,,
fig_policeman,Policeman,3,,,
fig_policemanlady,Policewoman,2,,,
fig_pomp,Pompidou,2,,,
fig_pongo,Pongo,3,,,
fig_popaemcee,Possum Park Emcee,2,,,
fig_pophen,Poppa Henry,2,,,
fig_popig,Porky Pig,2,,,
fig_porcorsa,Porto Corsa,3,,,
fig_porcupine,Porcupine,3,,,
fig_port,Port,2,,,
fig_preboy,Pretty Boy,2,,,
fig_preric,Prince Eric,2,,,
fig_prfbuon,Professor Buonragazzo,2,,,
fig_princejohn,Prince John,2,,,
fig_princephilipp,Prince Phillip,2,,,
fig_princess,Princess,2,,,
fig_princharming,Prince Charming,2,,,
fig_principalprly,Principal Prickly,2,,,
fig_princmazur,Principal Mazur,2,,,
fig_princstckler,Principal Strickler,2,,,
fig_prjas,Princess Jasmine,2,,,
fig_prnaveen,Prince Naveen,2,,,
fig_procutor,Prosecutor,3,,,
fig_profbuzzo,Professor Derek Knight,2,,,
fig_professor,Professor,2,,,
fig_profragan,Professor Ratigan,3,,,
fig_pscho,Psycho,2,,,
fig_pshown,pet shop owner,2,,,
fig_ptfl,P.T. Flea,2,,,
fig_pttp,Speech Power to the Puppies,4,,,
fig_puki,Pulaski,2,,,
fig_pumbaa,Pumbaa,2,,,
fig_queenclarion,Queen Clarion,2,,,
fig_queengrimhilde,Queen Grimhilde,2,,,
fig_queenie,Queenie,2,,,
fig_queenleah,Queen Leah,2,,,
fig_queenofhearts,Queen of Hearts,2,,,
fig_quizmaster,Quizmaster,2,,,
fig_r2d2,R2-D2,2,,,
fig_rabbit,Rabbit,2,,,
fig_ram,Ramsey,2,,,
fig_rama,Rama,2,,,
fig_ramone,Ramone,2,,,
fig_ranboggs,Randall Boggs,2,,,
fig_ranjan,Ranjan,2,,,
fig_ranjanfather,Ranjan's father,2,,,
fig_rapfryingpan,Rapunzel's frying pan,2,,,
fig_rapunzel,Rapunzel,2,,,
fig_rat_ladytrump,Rat,2,,,
fig_ratty,Ratty,2,,,
fig_ray,Ray,2,,,
fig_rc,RC,2,,,
fig_rcall,Robert Callaghan,2,,,
fig_rclements,Ron Clements,2,,,
fig_red,Red,2,,,
fig_reflux,Reflux,2,,,
fig_remy,Remy,2,,,
fig_rex,Rex,2,,,
fig_rickdicker,Rick Dicker,2,,,
fig_rigger,Rigger,2,,,
fig_ril,Riley Andersen,2,,,
fig_rildad,Riley's Father,2,,,
fig_rilmom,Riley's Mother,2,,,
fig_ripsliger,Ripslinger,2,,,
fig_riscott,River Scott,2,,,
fig_rkmaroon,R.K. Maroon,2,,,
fig_robin,Robin,2,,,
fig_robinhood,Robin Hood,2,,,
fig_rochelle,Rochelle,2,,,
fig_rocketraccoon,Rocket Raccoon,2,,,
fig_rocrsuher,Robocrusher,2,,,
fig_rodcliffe,Roger Radcliffe,2,,,
fig_roflaParr,Robert Flash Parr,2,,,
fig_roklotz,Roger Klotz,2,,,
fig_rolly,Rolly,2,,,
fig_ronno,Ronno,2,,,
fig_roo,Roo,3,,,
fig_roper,Roper,2,,,
fig_ropoclo,Roly Poly Clown,3,,,
fig_rorabbit,Roger Rabbit,2,,,
fig_ros,Rosie,2,,,
fig_rothemouse,Roquefort the Mouse,2,,,
fig_rotwsky,Rotor Turbowsky,2,,,
fig_rover,Rover,2,,,
fig_roxanne,Roxanne,2,,,
fig_roz,Roz,2,,,
fig_rudder,Rudder,2,,,
fig_rufus,Rufus,2,,,
fig_ruseze,Rusty Rust-eze,2,,,
fig_russ,Russell,2,,,
fig_sad,Sadness,2,,,
fig_salcarrera,Sally Carrera,2,,,
fig_sanfranokyo,San Fransokyo,4,,,
fig_sarge,Sarge,2,,,
fig_sargeant,Sargeant,2,,,
fig_sasha,Sasha,2,,,
fig_scar,Scar,2,,,
fig_scarprepared,"Song ""Be Prepared""",4,,,
fig_scatcat,Scat Cat,2,,,
fig_scenejungle,Scenery of a jungle,2,,,
fig_scenestreet,Scenery of a street,2,,,
fig_scents,Despiting scents,4,,,
fig_scottbbles,Silvermist,2,,,
fig_scottleady,Scott Leadready II,2,,,
fig_scottsquibbles,"Scott ""Squishy"" Squibbles",2,,,
fig_scribble,Scribble,2,,,
fig_scud,Scud,2,,,
fig_sculmaid,Scullery Maid,2,,,
fig_scuttle,Scuttle,2,,,
fig_sdflower,Sun-Drop Flower,3,,,
fig_sebastian,Sebastian,2,,,
fig_secofinrior,Secretary of the Interior,2,,,
fig_sed,Sled,2,,,
fig_sertibbs,Sergeant Tibbs,2,,,
fig_sgtcal,Sergeant Calhoun,2,,,
fig_shami,Shami,2,,,
fig_shel,Sheldon,2,,,
fig_shelfort,Shelby Forthright,2,,,
fig_sheofnoham,Sheriff of Notthingham,2,,,
fig_sherekhan,Shere Khan,2,,,
fig_sheriff,Sheriff,2,,,
fig_sherwoopri,Sheriff Woody Pride,2,,,
fig_shibbles,Sherri Squibbles,2,,,
fig_shiparendelle,Ship from Arendelle,4,,,
fig_shungon,Shun Gon,3,,,
fig_si,Si,2,,,
fig_siggio,Signora Giovanni,2,,,
fig_simba,Simba,2,,,
fig_singerresc,Singer,2,,,
fig_sirbart,Sir Bart,2,,,
fig_sirector,Sir Ector,2,,,
fig_sirhiss,Sir Hiss,2,,,
fig_sirkay,Sir Kay,2,,,
fig_sirpenore,Sir Pellinore,2,,,
fig_sis,Sis,2,,,
fig_skene,Skeeter Valentine,2,,,
fig_skey,Skipper Riley,2,,,
fig_skny,Skinny,2,,,
fig_skpy,Skippy,2,,,
fig_sleebook,Sleeping Beauty storybook,2,,,
fig_sleepy,Sleepy,2,,,
fig_slim,Slim,2,,,
fig_slindog,Slinky Dog,2,,,
fig_slitly,Slightly,2,,,
fig_slug,Slug,2,,,
fig_slush,Slush,2,,,
fig_smarty,Smarty,2,,,
fig_smitty,Smitty,2,,,
fig_smokey,Smokey,2,,,
fig_sneezy,Sneezy,2,,,
fig_snwhite,Snow White,2,,,
fig_sonia,Sonia,3,,,
fig_spaghetti,Spaghetto Scene,4,,,
fig_sparky,Sparky,2,,,
fig_sphillips,Sid Phillips,2,,,
fig_spinwheel,Spinning wheel,4,,,
fig_spke,Spike,2,,,
fig_splody,Splodyhead,2,,,
fig_splodylow,Splodyheads Pillow,4,,,
fig_spot,Spot,2,,,
fig_spotman,Spot Helperman,2,,,
fig_spotty,Spotty,2,,,
fig_squirt,Squirt,2,,,
fig_stacey,Stacey,2,,,
fig_stan,Stan,2,,,
fig_stanlee,Stan Lee,3,,,
fig_stanley,Stanley,2,,,
fig_stanwife,Stan's Wife,2,,,
fig_stegorus,Stegosaurus,3,,,
fig_steling,Sterling,2,,,
fig_stesom,Stephanie Folsom,2,,,
fig_stinpete,Stinky Pete,2,,,
fig_stitch,Stitch,2,,,
fig_stoard,Starboard,2,,,
fig_stormtroopers,Stormtroopers,3,,,
fig_stromboli,Stromboli,2,,,
fig_strweat,"Strip ""The King"" Weathers",2,,,
fig_stupid,Stupid,2,,,
fig_sully,"James P. ""Sully"" Sullivan",2,,,
fig_sultan,Sultan,2,,,
fig_sunfish,Sunfish,2,,,
fig_sunny,Sunnyside Daycare playground,4,,,
fig_surush,Sugar rush,2,,,
fig_sven,Sven,2,,,
fig_swordits,Girl Squirrel,3,,,
fig_swtea,Sweet Tea,2,,,
fig_sylester,Sylvester,2,,,
fig_synrome,Syndrome,2,,,
fig_tad,Tad,2,,,
fig_tagalng,Tagalong,2,,,
fig_talab,Talon Labarthe,2,,,
fig_tangmov,Tangled cover,4,,,
fig_tape,DunBroch Family Tapestry,4,,,
fig_taran,Taran,3,,,
fig_tedogcaer,The Dogcatcher,2,,,
fig_teendory,Teen Dory,2,,,
fig_teengers,Teenagers,3,,,
fig_telanncer,Television announcer,2,,,
fig_ternce,Terence,2,,,
fig_terper,Terry Perry,2,,,
fig_terri,Terri,2,,,
fig_tettitatti,Tetti-Tatti,3,,,
fig_texnoco,Tex Dinoco,2,,,
fig_thabi,"Thaddeus ""Phlegm"" Bile",2,,,
fig_thadtoad,J. Thaddeus Toad,2,,,
fig_thamada,Tadashi Hamada,2,,,
fig_thebear,The Bear,2,,,
fig_thebee,The Bees,2,,,
fig_theblrd,The Blue Bird,2,,,
fig_thecaenter,The Carpenter,2,,,
fig_thedogwagon,The dog wagon,2,,,
fig_thedoknob,The Doorknob,2,,,
fig_thegshanti,Shanti,2,,,
fig_theheadhorse,The Headless Horseman's Horse,2,,,
fig_thehornkingmen,the Horned King's Henchmen,2,,,
fig_thehundogs,The Hunter Dogs,2,,,
fig_thehunman,The Huntsman,2,,,
fig_theking,The King,2,,,
fig_thelostboy,The Lost Boys,2,,,
fig_themacarpet,The Magic Carpet,2,,,
fig_themamirror,The Magic Mirror,2,,,
fig_themb,Magic Broom,2,,,
fig_thepirates,The Pirates,2,,,
fig_theprince,The Prince,2,,,
fig_theringster,The Ringmaster,2,,,
fig_therose,The Rose,2,,,
fig_thevulturesjungle,Vultures,2,,,
fig_thevulturessnow,The Vultures,2,,,
fig_thewalrus,The Walrus,2,,,
fig_theyeti,The Yeti,2,,,
fig_thomalley,Thomas O'Malley,3,,,
fig_thor,Thorny,2,,,
fig_thum,Thumper,2,,,
fig_thummom,Thumpers Mom,2,,,
fig_thumsis,Thumper's sisters,2,,,
fig_thun,Thunderclap,2,,,
fig_tiacars,Tia,2,,,
fig_tiana,Tiana,2,,,
fig_tiarosi,Tía Rosita,2,,,
fig_tiavict,Tía Victoria,2,,,
fig_tictoccrocdile,Tick-Tock the Crocodile,2,,,
fig_tigger,Tigger,2,,,
fig_tiggermv,The Tigger Movie,1,,,
fig_tilily,Tiger Lily,2,,,
fig_timon,Timon,2,,,
fig_timoqmouse,Timothy Q. Mouse,2,,,
fig_tinkerbell,Tinker Bell,2,,,
fig_tjeiler,T.J. Detweiler,2,,,
fig_tmater,Tow Mater,2,,,
fig_toby,Toby,2,,,
fig_tod,Tod,2,,,
fig_tomland,Tomorrowland,2,,,
fig_tony,Tony,2,,,
fig_tonyridinger,Tony Rydinger,2,,,
fig_totoco,Totoro cookies,2,,,
fig_toughy,Toughy,2,,,
fig_toulouse,Toulouse,2,,,
fig_towser,Towser,2,,,
fig_tract,Tractors,2,,,
fig_tramp,Tramp,2,,,
fig_trex,T-Rex,2,,,
fig_triodelrio,Trío Ascencio del Río,3,,,
fig_trusty,Trusty,3,,,
fig_ttrex,Tiny the T-Rex,2,,,
fig_tugduck,Ugly Duckling,2,,,
fig_tujustrsign,Tujunga street sign,4,,,
fig_turbo,Turbo,2,,,
fig_tvannouncer,TV Announcer,2,,,
fig_tweebird,Tweety Bird,2,,,
fig_tweedee,Tweedle Dee,2,,,
fig_tweedum,Tweedle Dum,2,,,
fig_twins,Twins,2,,,
fig_underminer,Underminer,2,,,
fig_unwaldo,Uncle Waldo,3,,,
fig_ursula,Ursula,2,,,
fig_usher,Usher,2,,,
fig_valibullets,Valiants Bullets,2,,,
fig_vidia,Vidia,2,,,
fig_vilasalle,Vince LaSalle,2,,,
fig_vioparr,Violet Parr,2,,,
fig_vixey,Vixey,3,,,
fig_vladimir,Vladimir,2,,,
fig_vsch,Vanellope von Schweetz,2,,,
fig_walle,Wall-E,2,,,
fig_waltdisney,Walt Disney,2,,,
fig_wardrobe,Wardrobe,4,,,
fig_wasabi,Wasabi,2,,,
fig_weeding,Wee Dingwall,2,,,
fig_wendydling,Wendy Darling,2,,,
fig_whirab,White Rabbit,2,,,
fig_windlifter,Windlifter,2,,,
fig_winifred,Winifred,2,,,
fig_winnie,Winnie,2,,,
fig_winniethepooh,Winnie the Pooh,2,,,
fig_winst,Winston,2,,,
fig_withegiant,Willie the Giant,3,,,
fig_withewhale,Willie the Whale,3,,,
fig_witweed,Willie,2,,,
fig_wolfmakemusic,Wolf (Mmm),3,,,
fig_wolfthesword,Wolf,2,,,
fig_woody,Woody,2,,,
fig_woodywooder,Woody Woodpecker,2,,,
fig_wreckitralph,Wreck-It Ralph,2,,,
fig_wreckralphcover,Wreck-It Ralph cover,4,,,
fig_yang,Yang,2,,,
fig_yaya,Yaya,3,,,
fig_yoda,Yoda,2,,,
fig_yosesam,Yosemite Sam,2,,,
fig_youarlo,Young Arlo,2,,,
fig_youcoco,Young Coco,2,,,
fig_youguf,Young McGuffin,2,,,
fig_youmac,Young Macintosh,2,,,
fig_youngdori,Young Dory,2,,,
fig_zarina,Zarina,2,,,
mv_101dal61,One Hundred and One Dalmatians (61),1,8,1961,215.880.014 
mv_abuli,A Bug's Life,1,3,1998,363.300.000 
mv_alad,Aladdin (1992),1,2,1992,504.100.000 
mv_alad19,Aladdin (2019),1,2,2019,1.047.000.000 
mv_alad2,Aladdin and the King of Thieves,1,2,1996,0 
mv_alice,Alice in Wonderland,1,8,1951,5.600.000 
mv_aristo,The Aristocats,1,8,1970,55.675.257 
mv_avengers,Marvel - The Avengers,1,4,2012,0 
mv_bambi,Bambi (Film),1,8,1942,267.400.000 
mv_bambi2,Bambi II,1,2,2006,34.900.000 
mv_batb,Beauty and the Beast,1,2,1991,425.000.000 
mv_bedtime,Bedtime Stories,1,2,2008,212.900.000 
mv_bh6,Big Hero 6 (Film),1,2,2014,657.800.000 
mv_blcaul,The Black Cauldron,1,8,1985,21.288.692 
mv_bolt,Bolt (Film),1,2,2008,310.000.000 
mv_brave,Brave,1,3,2012,540.400.000 
mv_brbear,Brother Bear,1,2,2003,250.400.000 
mv_cars,Cars,1,3,2006,462.200.000 
mv_cars2,Cars2,1,3,2011,562.100.000 
mv_cars3,Cars3,1,3,2017,383.900.000 
mv_cbears,The Country Bears,1,1,2002,18.012.097 
mv_chlit,Chicken Little,1,2,2005,314.400.000 
mv_chrrob,Christopher Robin (Film),1,1,2019,197.000.000 
mv_cind,Cinderella (1950),1,8,1950,263.000.000 
mv_coco,Coco,1,3,2017,807.100.000 
mv_donlamp,Donald's Lamp Trade,1,2,2001,0 
mv_dory,Finding Dory,1,3,2016,1.029.000.000 
mv_doug,Doug's 1st Movie,1,2,1999,19.400.000 
mv_ducktls,DuckTales: The Movie – Treasure of the Lost Lamp,1,2,1990,18.100.000 
mv_dumbo,Dumbo (Film),1,8,1941,1.600.000 
mv_elhol,Electric Holiday,1,2,2012,0 
mv_emojii,As Told by Emojii,1,2,2015,0 
mv_fant,Fantasia,1,8,1952,76.400.000 
mv_fant2,Fantasia 2000,1,1,1999,92.977.226 
mv_flubber,Flubber,1,1,1997,178.000.000 
mv_foxho,The Fox and the Hound,1,8,1981,63.456.988 
mv_friendrat,Your friend the Rat,1,4,2014,0 
mv_frozen,Frozen,1,2,2013,1.276.000.000 
mv_frozen2,Frozen2,1,2,2019,0 
mv_frween,Frankenweenie,1,1,2012,81.500.000 
mv_funff,Fun and Fancy Free,1,8,1947,3.165.000 
mv_gepetto,Gepetto (Film),1,99,2000,0 
mv_gigantic,Gigantic,1,2,2008,165.888 
mv_goofy,A Goofy Movie,1,2,1995,35.300.000 
mv_guards,Guardians of the Galaxy,1,4,2014,773.300.000 
mv_hbnd,The Hunchback of Notre Dame,1,2,1996,325.300.000 
mv_heffalump,Pooh’s Heffalump Movie,1,2,2005,52.900.000 
mv_hercules,Hercules,1,2,1997,252.712.101 
mv_herdty,Hero's Duty (Film),99,99,2012,0 
mv_hidalgo,Hidalgo,1,6,2004,108.100.000 
mv_hotr,Home on the Range,1,1,2004,103.951.461 
mv_housemouse,Mickey's Magical Christmas / House of Mouse,1,2,2002,0 
mv_ichtoad,The Adventures of Ichabod and Mr. Toad,1,8,1946,1.625.000 
mv_inc,The Incredibles,1,3,2004,633.000.000 
mv_inc2,The Incredibles2,1,3,2018,1.243.000.000 
mv_inout,Inside Out,1,3,2015,857.600.000 
mv_irongiant,The Iron Giant,1,99,1999,31.300.000 
mv_jafar,The Return of Jafar,1,2,1994,0 
mv_jampch,James and the giant Peach,1,1,1996,28.946.127 
mv_jjatt,Jack-Jack-Attack,1,3,2005,0 
mv_jungle,The Jungle Book,1,8,1967,205.843.612 
mv_jungle2,The Jungle Book 2,1,2,2003,135.700.000 
mv_kinhrts,Kingdom Hearts,99,99,2002,0 
mv_ladnight,Ladies Night,1,2,2002,0 
mv_lands,Lilo & Stitch,1,2,2002,273.100.000 
mv_lattr,Lady and the Tramp,1,8,1955,187.000.000 
mv_liki,The Lion King,1,2,1994,968.500.000 
mv_liki2,The Lion King 1/1/2,1,2,2004,0 
mv_looney,Looney Tunes,1,99,1929,0 
mv_luxo,Luxo Jr.,1,3,1986,0 
mv_mapooh,The many Adventures of Winnie the Pooh,1,8,1977,0 
mv_merpop,Merry Poppins,1,1,1964,102.272.727 
mv_mmmus,Make mine Music,1,1,1946,3.275.000 
mv_moana,Moana (Film),1,2,2016,643.300.000 
mv_monster,The Monster of Phineas-n-Ferbenstein,1,2,2008,0 
mv_monsters,"Monsters, Inc.",1,3,2001,577.400.000 
mv_monstersuni,Monsters University,1,3,2013,744.200.000 
mv_mtr,Meet the Robinsons,1,2,2007,169.300.000 
mv_mulan,Mulan (Film),1,1,1998,304.320.254 
mv_muppets,The Muppets,1,99,1979,0 
mv_musketeers,The Three Musketeers,1,2,2004,0 
mv_nbchr,Nightmare before Christmas,1,6,1993,76.200.000 
mv_nemo,Finding Nemo,1,3,2003,940.300.000 
mv_olicomp,Oliver and Company,1,2,1988,74.151.346 
mv_oswald,Oswald the Lucky Rabbit (Film),1,99,1927,0 
mv_ouach,Mickey's Once upon a Christmas,1,2,1999,0 
mv_paperman,Paperman,1,2,2012,0 
mv_pigbm,Piglet's Big Movie,1,2,2003,62.900.000 
mv_pinocchio,Pinocchio (Film),1,8 oder 2?,1940,84.200.000 
mv_piratefair,The Pirate Fairy,1,2,2014,64.900.000 
mv_planefr,Planes: Fire & Rescue,1,2,2014,151.400.000 
mv_planes,Planes,1,2,2013,239.300.000 
mv_poca,Pocahontas 1,1,2,1995,346.100.000 
mv_poca2,Pocahontas 2,1,2,1998,0 
mv_ppan,Peter Pan (Film),1,8,1953,87.404.651 
mv_ppanret,Peter Pan Returns,1,8,1996,0 
mv_presto,Presto,1,4,2008,0 
mv_ralphbrk,Ralph Breaks the Internet,1,2,2018,529.300.000 
mv_rapunzel,Rapunzel,1,1,1984,0 
mv_ratatou,Ratatouille,1,3,2007,620.700.000 
mv_recess,Recess: School's Out,1,2,2001,44.500.500 
mv_redsdr,Red's Dream,1,4,1987,0 
mv_resc,The Rescuers,1,8,1977,169.000.000 
mv_resc2,The Rescuers Down Under,1,1,1990,47.431.461 
mv_rhood,Robin Hood (Film),1,8,1973,32.056.467 
mv_rtneverl,Return to Never Land,1,2,2002,109.000.000 
mv_salam,Saludos Amigos,1,1,1942,1.135.000 
mv_secotw,Secret of the Wings,1,2,2012,67.500.000 
mv_simpsons,Simpsons,1,99,1989,0 
mv_snow,Snow White and the Seven Dwarfs,1,1,1937,1.700.000.000 
mv_sofia,Sofia the First,1,2,2012,0 
mv_starwars,Star Wars,1,5,1977,460.998.007 
mv_stbtwl,Steamboat Willie,1,1,1928,0 
mv_stitch,Stitch! The Movie,1,2,2003,0 
mv_swits,The Sword in the Stone,1,8,1963,22.182.353 
mv_tang,Tangled,1,2,2010,591.800.000 
mv_tarzan,Tarzan,1,2,1999,448.200.000 
mv_teapet,Teacher’s Pet,1,2,2004,6.500.000 
mv_tgmouse,The Great Mouse Detective,1,1,1986,38.700.000 
mv_tgoodi,The Good Dinosaur,1,3,2015,332.200.000 
mv_thrcab,The Three Caballeros,1,1,1944,33.550.000 
mv_tiggermv,The Tigger Movie (Film),1,2,2000,96.200.000 
mv_tinkerlnb,Tinker Bell and the Legend of the NeverBeast,1,2,2015,31.200.000 
mv_tlmm,The Little Mermaid,1,2,1989,211.300.000 
mv_tlmm2,The little Mermaid II,1,2,2000,0 
mv_toaster,The Breave little Toaster,1,1,1987,2.300.000 
mv_toyst,Toy Story,1,3,1995,373.600.000 
mv_toyst2,Toy Story 2,1,3,1999,497.400.000 
mv_toyst3,Toy Story 3,1,3,2010,1.067.000.000 
mv_toyst4,Toy Story 4,1,3,2019,1.018.000.000 
mv_toystterr,Toy Story of Terror,1,3,2013,0 
mv_toysttf,Toy Story That Time Forgot,1,3,2014,0 
mv_tpatf,The Princess and the Frog,1,2,2009,271.000.000 
mv_treasurepl,Treasure Planet,1,1,2002,109.578.115 
mv_tsby,Sleeping Beauty,1,2,1959,51.600.000 
mv_tuach,Mickey's Twice upon a Christmas,1,1,2004,0 
mv_tugduck,The Ugly Duckling,1,2,1939,0 
mv_turbo,Turbo (Film),1,99,2013,282.570.682 
mv_up,Up,1,3,2009,735.100.000 
mv_walle,Wall-E (Film),1,3,2008,533.300.000 
mv_whofrrr,Who Framed Roger Rabbit,1,6,1988,329.800.000 
mv_wild,The Wild,1,2,2006,102.338.515 
mv_wir,Wreck it Ralph,1,2,2012,471.200.000 
mv_wisehen,The Wise Little Hen,1,1,1934,0 
mv_wondersdeep,Wonders of the Deep,1,99,2015,0 
mv_zoo,Zootopia,1,2,2016,1.024.000.000 
pr_jomu,John Musker,8,,,
pr_rocl,Ron Clements,8,,,
wr_jomu,John Musker (Writer),7,,,
wr_rocl,Ron Clements (Writer),7,,,
